Unnamed: 0,title,author,day,genre,story,platform,webtoon_url,thumbnail_url
0,열 손가락,"디디,디디",토,공포/스릴러,"무당 집안의
제물 사위가 되어
기이한 삶을 체험한다.",카카오,https://webtoon.kakao.com/content/열-손가락/3028,https://kr-a.kakaopagecdn.com/P/C/3028/c1/2x/20cef2a2-ce87-485d-a330-9556951e0dc9.png
1,사적취향,"백하나,지미",토,로맨스,"이 남자,
짜증날 정도로
내 취향이다!",카카오,https://webtoon.kakao.com/content/사적취향/3068,https://kr-a.kakaopagecdn.com/P/C/3068/c1/2x/fc10c4ab-d11b-4ad3-ab12-7813ca8fb727.png
2,그때 우리가 조아한,"YOON,움비",토,판타지 드라마,"갑자기 20년 전
소설 속 세계로 떨어진
전직 작가 조아한",카카오,https://webtoon.kakao.com/content/그때-우리가-조아한/2690,https://kr-a.kakaopagecdn.com/P/C/2690/c1/2x/c049089e-722c-42ff-abf6-55dbc4f8b871.png
3,"구애, 여우를 홀리다","ALIC,ALIC",토,로맨스 판타지,"미래를 바꿀 것이다,
나를 능욕하는
이 요물을 홀려서라도.",카카오,https://webtoon.kakao.com/content/구애-여우를-홀리다/3050,https://kr-a.kakaopagecdn.com/P/C/3050/c1/2x/f1d74670-9184-4ba0-a637-0db25ade157a.png
4,주말 도미 시식회,"이용우,이용우",토,액션/무협,"소소한 삶을 지키라!
그들의 전쟁
느와르 액션 끝판왕!",카카오,https://webtoon.kakao.com/content/주말-도미-시식회/1497,https://kr-a.kakaopagecdn.com/P/C/1497/c1/2x/74ad7259-cf12-4b5f-b269-aa94836cd607.png
5,백작가의 불청객들,"아르누니,아르누니",토,드라마,"진실된 사랑과
평화를 찾아가는
필데트 백작 가족",카카오,https://webtoon.kakao.com/content/백작가의-불청객들/2141,https://kr-a.kakaopagecdn.com/P/C/2141/c1/2x/626656c0-9374-431f-80cf-724db64dd7b0.png
6,이토록 보통의,"캐롯,캐롯",토,판타지 드라마,"우리 모두의 삶
특별하지만,
보통 우리의 연애",카카오,https://webtoon.kakao.com/content/이토록-보통의/1351,https://kr-a.kakaopagecdn.com/P/C/1351/c1/2x/6e52bf38-c253-4021-9a9e-183a32739471.png
7,후궁공략,"봉봉,봉봉",토,로맨스 판타지,"가상현실 속에 갇혔다,
돌아갈 방법은
황후 엔딩 뿐!",카카오,https://webtoon.kakao.com/content/후궁공략/1986,https://kr-a.kakaopagecdn.com/P/C/1986/c1/2x/41f4544c-3e2f-47fb-b958-da6c99b456f3.png
8,반지하셋방,"평범한 자매,평범한 자매",토,코믹/일상,"이것이 리얼이다!
반지하에 살고 있는
자매의 좌충우돌 일상툰",카카오,https://webtoon.kakao.com/content/반지하셋방/1347,https://kr-a.kakaopagecdn.com/P/C/1347/c1/2x/919a077d-0aea-49ad-8b24-f082a75890d0.png
9,귀싸대기,"지뚱,지뚱",토,판타지 드라마,"천태평입니다
귀싸대기 한 방 돌리고
시작하겠습니다",카카오,https://webtoon.kakao.com/content/귀싸대기/2626,https://kr-a.kakaopagecdn.com/P/C/2626/c1/2x/50de877c-a1c4-4f12-a2d7-5f138ce53903.png
10,순정 히포크라테스,"골드키위새,골드키위새",토,로맨스,"의대생이 된다는 것,
의대생의 순정이란?",카카오,https://webtoon.kakao.com/content/순정-히포크라테스/1689,https://kr-a.kakaopagecdn.com/P/C/1689/c1/2x/ce95b0a5-9bf9-41a5-a200-5b4815516a99.png
11,재워주는 사이,"제이드,제이드",토,로맨스,"집이 절실한 여자
잠이 절실한 남자
재워줄 테니 재워줘요",카카오,https://webtoon.kakao.com/content/재워주는-사이/2986,https://kr-a.kakaopagecdn.com/P/C/2986/c1/2x/bf3deeba-002a-4b54-a668-5bfdfac00796.png
12,샤크,"운(雲),김우섭",토,액션/무협,"살아남고 싶으면 
끊임없이
움직여라.",카카오,https://webtoon.kakao.com/content/샤크/2308,https://kr-a.kakaopagecdn.com/P/C/2308/c1/2x/ebd75a4c-ba96-4008-8f80-353518e9203f.png
13,우리반 숙경이,"해밀 외 1인,뽀얌",토,판타지 드라마,"교실 터줏대감 27년째
존재감 없는 귀신,
우리반 숙경이 이야기",카카오,https://webtoon.kakao.com/content/우리반-숙경이/2068,https://kr-a.kakaopagecdn.com/P/C/2068/c1/2x/1757fdee-7cf0-4996-8e11-f25a3a90f4c5.png
14,한따까리,"금기혁,금기혁",토,액션/무협,"30년간 썩어버린
내가 만들었던 조직.
내 손으로 없애겠다.",카카오,https://webtoon.kakao.com/content/한따까리/2806,https://kr-a.kakaopagecdn.com/P/C/2806/c1/2x/8bcc3458-45b3-419b-baf5-ef0ca9b644c6.png
15,최강왕따,"노도환,노도환",토,학원/판타지,"폭력을 폭력으로
되갚는 소년,
그의 이름은 강하늘",카카오,https://webtoon.kakao.com/content/최강왕따/2942,https://kr-a.kakaopagecdn.com/P/C/2942/c1/2x/60fee0ab-9300-4439-b183-8cdde32baf51.png
16,풍검,"김철현,김철현",토,액션/무협,"인간계를 없애려는 자,
막으려는 자의
치열한 싸움",카카오,https://webtoon.kakao.com/content/풍검/1545,https://kr-a.kakaopagecdn.com/P/C/1545/c1/2x/6228a62b-5b5f-4fbc-8910-ff7dc7d756df.png
17,이렇게 바보일리 없어,"한지혜,POP",토,로맨스,"영앤리치핸썸이라 연애가
발전하지 못한 남자의
비밀 연애 컨설턴트",카카오,https://webtoon.kakao.com/content/이렇게-바보일리-없어/2534,https://kr-a.kakaopagecdn.com/P/C/2534/c1/2x/667e51af-95e3-479e-9bc0-71cb4f1480ea.png
18,왕관 없는 여왕,"김라무,김라무",토,로맨스 판타지,"60세 역사학자 정귀남
딸이 쓴 소설에서
2회차 인생 시작!",카카오,https://webtoon.kakao.com/content/왕관-없는-여왕/2753,https://kr-a.kakaopagecdn.com/P/C/2753/c1/2x/f4b04dfd-89e9-4a18-bba5-c8584cd5895e.png
19,나락,"박변,박변",토,드라마,"과거를 숨긴
100만 뉴투버
국지만의 나락 탈출기",카카오,https://webtoon.kakao.com/content/나락/2988,https://kr-a.kakaopagecdn.com/P/C/2988/c1/2x/e66833a2-d528-4ec6-a9e4-18eb2fe15316.png
20,22세기 일처다부제,"심대섭,심대섭",토,판타지 드라마,"자멸을 향해가는 인류의
마지막 실험 일처다부제
그리고 환경노동법",카카오,https://webtoon.kakao.com/content/22세기-일처다부제/2946,https://kr-a.kakaopagecdn.com/P/C/2946/c1/2x/b5304e41-b6ef-4747-b1b9-a5dec821bac1.png
21,"이봐요, 아기 공작님 누나만 믿어!","문시현,허둥•지둥",토,로맨스 판타지,"원수가 너무 싫었다.
시간 여행자가 된 나.
원수에게 청혼을 받았다",카카오,https://webtoon.kakao.com/content/이봐요-아기-공작님-누나만-믿어/2878,https://kr-a.kakaopagecdn.com/P/C/2878/c1/2x/0d939d89-fd5c-4099-bb02-172eb5ca6c78.png
22,샤먼,"홍원표,홍원표",토,판타지 드라마,"세상을 구하려는 
주술사 소년과 
동료들의 이야기.",카카오,https://webtoon.kakao.com/content/샤먼/2703,https://kr-a.kakaopagecdn.com/P/C/2703/c1/2x/f18b72b7-0f87-4e9e-936c-5db61bcedc4f.png
23,번아웃쇼크,"노도환,노도환",토,학원/판타지,"불과 전기가 없는 세상
생존을 위해서가 아닌 
복수의 여정을 떠나다!",카카오,https://webtoon.kakao.com/content/번아웃쇼크/2743,https://kr-a.kakaopagecdn.com/P/C/2743/c1/2x/5b0d6bf4-4cda-4e83-b555-24f178a922dd.png
24,부기영화,"급소가격,여빛",토,코믹/일상,"병맛 영화 리뷰 웹툰 
최강자 나가신다~!",카카오,https://webtoon.kakao.com/content/부기영화/2343,https://kr-a.kakaopagecdn.com/P/C/2343/c1/2x/6a80f80b-acba-4fcb-bfe3-deb2a5e25ae0.png
25,칸 밖의 미로,"복슬,고은",토,드라마,"인생이라는 미로
끝에서 우리의 답은?
그 고민을 담은 단편집",카카오,https://webtoon.kakao.com/content/칸-밖의-미로/2932,https://kr-a.kakaopagecdn.com/P/C/2932/c1/2x/e7147155-d811-4125-aa75-15fa025b208d.png
26,허약선생,"철범,울펜",토,액션/무협,"무림 최고의 암살자,
귀면독의 특별한 
제자 육성 시작!",카카오,https://webtoon.kakao.com/content/허약선생/2080,https://kr-a.kakaopagecdn.com/P/C/2080/c1/2x/f63152f4-5d0a-4fca-afd3-60b5ca17c51f.png
27,랑데부,"Hun,지민",토,학원/판타지,"전쟁? 외계의 침공?
잘 모르겠고
난 복수나 해야겠다.",카카오,https://webtoon.kakao.com/content/랑데부/1836,https://kr-a.kakaopagecdn.com/P/C/1836/c1/2x/59aa9a2d-8eed-482d-ad53-ed56847c0cc4.png
28,극락왕생,"고사리박사,고사리박사",토,판타지 드라마,"윤회의 끝,
극락왕생을 위해.",카카오,https://webtoon.kakao.com/content/극락왕생/2680,https://kr-a.kakaopagecdn.com/P/C/2680/c1/2x/e011c7c3-15eb-4b89-933f-dc62d6c2cde1.png
29,별똥별이 떨어지는 그 곳에서 기다려,"만물상,만물상",토,판타지 드라마,"실종되는 별똥별들의
행방을 쫓는
마녀와 고양이 이야기",카카오,https://webtoon.kakao.com/content/별똥별이-떨어지는-그-곳에서-기다려/1531,https://kr-a.kakaopagecdn.com/P/C/1531/c1/2x/257c2155-59c9-44ed-bd8a-9c669a68669d.png
30,나의 추락이 찬란하도록,"미울,BV",토,로맨스 판타지,"쫓겨난 왕녀와 
버려진 황자의 운명은?",카카오,https://webtoon.kakao.com/content/나의-추락이-찬란하도록/2726,https://kr-a.kakaopagecdn.com/P/C/2726/c1/2x/fde6f19f-4c68-4653-84b1-83e17bdbd8e1.png
31,만년 소녀,"신새해,신새해",토,로맨스,"너만 보면
녹아버릴 것만 같아.
잠깐, 진짜 녹는다고?",카카오,https://webtoon.kakao.com/content/만년-소녀/2777,https://kr-a.kakaopagecdn.com/P/C/2777/c1/2x/b80f8cfa-7a79-4b08-8684-d58242099f37.png
0,관존 이강진,"노경찬,송윤달",목,액션/무협,"미친놈인가?
관심종자인가?
미친놈 대인되는 이야기",카카오,https://webtoon.kakao.com/content/관존-이강진/2155,https://kr-a.kakaopagecdn.com/P/C/2155/c1/2x/01e746aa-3669-4dd5-8e1b-833aecf343bb.png
1,제비가 낮게 날면,"서글,서글",목,판타지 드라마,"'내 날개가 싫어!'
날개를 떼버리기 위한
연지의 고군분투 성장기",카카오,https://webtoon.kakao.com/content/제비가-낮게-날면/3047,https://kr-a.kakaopagecdn.com/P/C/3047/c1/2x/6448ddb5-5c4b-4c01-a4c6-876107fc068c.png
2,샬롯에게는 다섯 명의 제자가 있다,"용용,용용",목,로맨스 판타지,"세상을 구한 대마법사.
죽은 후 환생했는데
제자들이 이상하다.",카카오,https://webtoon.kakao.com/content/샬롯에게는-다섯-명의-제자가-있다/1796,https://kr-a.kakaopagecdn.com/P/C/1796/c1/2x/c2354f93-3590-4110-8e84-0db740d98b2a.png
3,매화꽃그늘,"보리,백하",목,로맨스,"갓 쓴 선비들
꽃그늘에 홀려버렸지.
서로에게 홀려버렸지.",카카오,https://webtoon.kakao.com/content/매화꽃그늘/2789,https://kr-a.kakaopagecdn.com/P/C/2789/c1/2x/b724f0dc-627d-49d4-8c7f-16c0907d26a7.png
4,프레너미,"돌석,돌석",목,액션/무협,"테니스 만화의 끝판왕
거만한 천재 소년과
심약한 은둔 고수",카카오,https://webtoon.kakao.com/content/프레너미/1361,https://kr-a.kakaopagecdn.com/P/C/1361/c1/2x/737b1462-39eb-414a-9420-c3d5494cc772.png
5,살어리랏다,"김민소,김민소",목,공포/스릴러,"자, 낚시를 해볼까?
저기 돈냄새 가득한
도미 한 마리가 있구나",카카오,https://webtoon.kakao.com/content/살어리랏다/1939,https://kr-a.kakaopagecdn.com/P/C/1939/c1/2x/50019a75-9edf-472c-b581-07a661184698.png
6,시간이 머문 집,"헤고,헤고",목,판타지 드라마,"학대 당한 소녀
성격 더러운
아저씨와 만나다.",카카오,https://webtoon.kakao.com/content/시간이-머문-집/2020,https://kr-a.kakaopagecdn.com/P/C/2020/c1/2x/ab703c35-7085-4f0e-8777-feca55f8b154.png
7,내가 죄인이오,"이무기,이무기",목,액션/무협,"퍽퍽 콱콱 탕탕탕
범죄 1번지에서
벌어지는 파탄 대행진",카카오,https://webtoon.kakao.com/content/내가-죄인이오/2691,https://kr-a.kakaopagecdn.com/P/C/2691/c1/2x/112a51fc-1bf4-4310-a199-af7a180f92b0.png
8,24분의 1 로맨스,"김명미,김명미",목,로맨스,"바뀌는 건 몸인데
왜 마음까지 변하는거?
내 심장 책임져!",카카오,https://webtoon.kakao.com/content/24분의-1-로맨스/2650,https://kr-a.kakaopagecdn.com/P/C/2650/c1/2x/3ee4e5fe-0092-45b6-93cd-4f2f33ae78cd.png
9,최강왕따,"노도환,노도환",목,학원/판타지,"폭력을 폭력으로
되갚는 소년,
그의 이름은 강하늘",카카오,https://webtoon.kakao.com/content/최강왕따/2942,https://kr-a.kakaopagecdn.com/P/C/2942/c1/2x/60fee0ab-9300-4439-b183-8cdde32baf51.png
10,온:초점,"라코,라코",목,로맨스,"잘생긴 직장인
수지는
아직도 첫사랑 중",카카오,https://webtoon.kakao.com/content/온초점/3055,https://kr-a.kakaopagecdn.com/P/C/3055/c1/2x/bb87b609-10ea-411d-9cc8-31eeb0dc737a.png
11,청소하는 대학동기,"춘추,춘추",목,로맨스,"짝사랑 중인 동기가 
우리 집으로 
청소 알바를 왔다!",카카오,https://webtoon.kakao.com/content/청소하는-대학동기/2919,https://kr-a.kakaopagecdn.com/P/C/2919/c1/2x/10c6f91f-1ad1-40b3-a2f8-d962e6629f10.png
12,눈이 나려 꽃,"임해연,임해연",목,로맨스,"암투 속에서 
피어오르는 권력과 
사랑의 이중주! ",카카오,https://webtoon.kakao.com/content/눈이-나려-꽃/2631,https://kr-a.kakaopagecdn.com/P/C/2631/c1/2x/aa14acee-d878-4236-87f3-65cb88610df2.png
13,심야카페,"수민,수민",목,판타지 드라마,"미래를 안 이상, 
바꾸는 거야",카카오,https://webtoon.kakao.com/content/심야카페/3051,https://kr-a.kakaopagecdn.com/P/C/3051/c1/2x/759a8b2f-574a-49d6-b6d6-fdf30c453faf.png
14,난편하다,"지가,지가",목,드라마,"예민한 직장인 윤서하,
조금 덜 피로하고자
나름의 방법을 찾는다.",카카오,https://webtoon.kakao.com/content/난편하다/3023,https://kr-a.kakaopagecdn.com/P/C/3023/c1/2x/310c1e41-e65e-4a87-aa10-a68080b60b2e.png
15,Oh! 마이 서방님,"어깽,도르맹",목,로맨스,"천하제일 기생이었던 나
이제는 남편부터
꼬셔보겠습니다!",카카오,https://webtoon.kakao.com/content/Oh-마이-서방님/2995,https://kr-a.kakaopagecdn.com/P/C/2995/c1/2x/49525546-5f9c-4303-8b0e-6f0c96e39161.png
16,당신과는 절대,"옥안,옥안",목,드라마,"서로를 싫어하는
올케와 시누이의
분투기",카카오,https://webtoon.kakao.com/content/당신과는-절대/2831,https://kr-a.kakaopagecdn.com/P/C/2831/c1/2x/3b5d5f19-4144-4b24-81b4-26d44e75ee1a.png
17,업데이터,"89LINE,89LINE",목,학원/판타지,"대장장이 NPC 에이든
관리자 권한을 얻어
새롭게 깨어나다",카카오,https://webtoon.kakao.com/content/업데이터/2742,https://kr-a.kakaopagecdn.com/P/C/2742/c1/2x/96dc414c-a6bb-4efd-b854-91b7ac1bbcb7.png
18,환상의 애니,"이현중,이현중",목,드라마,"시골 소년 태중,
애니메이션의 세계로
꿈의 여정을 떠난다",카카오,https://webtoon.kakao.com/content/환상의-애니/3038,https://kr-a.kakaopagecdn.com/P/C/3038/c1/2x/181fe29a-c1db-434f-8209-bfadab0898d9.png
19,오! 나의 퀸,"영춘,영춘",목,드라마,"패션학교 학생과
이중생활 드랙퀸의
아슬아슬한 계약관계!",카카오,https://webtoon.kakao.com/content/오-나의-퀸/2750,https://kr-a.kakaopagecdn.com/P/C/2750/c1/2x/c9fc7ff2-c281-48cd-99e0-ad5a419a3fbe.png
20,그리고 소녀가 검을 든다,"이원진,경오",목,학원/판타지,"도사가 되기로
결심한
아이들",카카오,https://webtoon.kakao.com/content/그리고-소녀가-검을-든다/2874,https://kr-a.kakaopagecdn.com/P/C/2874/c1/2x/7d30e4ec-7a28-4440-9333-844125f86839.png
21,26번째 살인,"수오,아비디 이노우에",목,판타지 드라마,"25명살해 X 기억상실
살아있는 악마 장필두
죄의 기억을 되살려라!",카카오,https://webtoon.kakao.com/content/26번째-살인/2510,https://kr-a.kakaopagecdn.com/P/C/2510/c1/2x/b479e262-caa3-47b5-b686-afb119687581.png
22,용병학교,"제이로빈,캡맨아저씨",목,학원/판타지,"성적 하위 학생은 사형
난 이미 100만 번 
죽음을 반복했다.",카카오,https://webtoon.kakao.com/content/용병학교/2875,https://kr-a.kakaopagecdn.com/P/C/2875/c1/2x/51bd5f8a-e4de-4baa-8bd8-f35c6c26383e.png
23,길동,"동훈,동훈",목,액션/무협,"길동과 활빈의
귀전(鬼戰)
연대기.",카카오,https://webtoon.kakao.com/content/길동/2934,https://kr-a.kakaopagecdn.com/P/C/2934/c1/2x/999c33e2-b2c5-47f8-8ad1-daaa7765e53f.png
24,사람이라호,"임희,임희",목,판타지 드라마,"감정을 보는 술사
한결, 영물 도원과
손이 묶이다",카카오,https://webtoon.kakao.com/content/사람이라호/2814,https://kr-a.kakaopagecdn.com/P/C/2814/c1/2x/4fa94a8a-ce55-41ea-8f3a-98936548fcb3.png
25,도깨비언덕에 왜 왔니?,"김용회,김용회",목,판타지 드라마,"엄마, 아빠 없는
집에 나타난
그 녀석들!",카카오,https://webtoon.kakao.com/content/도깨비언덕에-왜-왔니/982,https://kr-a.kakaopagecdn.com/P/C/982/c1/2x/7813bcac-6524-4879-88d5-c7c0c5ccfb7f.png
26,사사롭지만 좋은 날,"영춘,영춘",목,드라마,"화려하진 않지만
우리와 똑 닮은
주인공들의 이야기",카카오,https://webtoon.kakao.com/content/사사롭지만-좋은-날/2978,https://kr-a.kakaopagecdn.com/P/C/2978/c1/2x/7c9eea27-0590-4b9d-982a-e6b4ca9e2dd6.png
27,아오링 도쿄,"아오링,아오링",목,코믹/일상,"도쿄 변두리 작은 식당
창업초보 한국인 부부의
고군분투 도쿄 창업기!",카카오,https://webtoon.kakao.com/content/아오링-도쿄/2720,https://kr-a.kakaopagecdn.com/P/C/2720/c1/2x/c1bd4619-1362-429d-b958-86b2d5c83377.png
28,재벌과의 인터뷰,"우다,우다",목,로맨스,"재벌 납치 감금물 작가
진짜 재벌남의
은인이 되었다?!",카카오,https://webtoon.kakao.com/content/재벌과의-인터뷰/1861,https://kr-a.kakaopagecdn.com/P/C/1861/c1/2x/aec9a608-6391-493b-b3ec-b20cf54cf9c7.png
29,뽀짜툰,"유리,유리",목,코믹/일상,"귀요미 냥이들과
함께 하는
유리네 일상 이야기.",카카오,https://webtoon.kakao.com/content/뽀짜툰/933,https://kr-a.kakaopagecdn.com/P/C/933/c1/2x/258b5969-f1fc-4cc9-bd2d-f7fd97e601fa.png
30,백로식당,"확천금,이나이",목,판타지 드라마,"신들의 음식을 요리하는
만신 '백로'의 식당에
오신 것을 환영합니다",카카오,https://webtoon.kakao.com/content/백로식당/2075,https://kr-a.kakaopagecdn.com/P/C/2075/c1/2x/3eb7c5fa-51b5-4cfd-af88-9a0eabb0d58a.png
31,죽고 싶지만 떡볶이는 먹고 싶어,"스튜디오 보통,스튜디오 보통",목,드라마,"작가가 되고
싶었을 뿐인데,
왜 이렇게 된걸까?",카카오,https://webtoon.kakao.com/content/죽고-싶지만-떡볶이는-먹고-싶어/2792,https://kr-a.kakaopagecdn.com/P/C/2792/c1/2x/862d2102-c72b-4b38-986f-8aac6cb1773c.png
32,Dr.브레인,"홍작가,홍작가",목,공포/스릴러,"최후의 목격자가
될 수 있다면
당신은 하시겠습니까?",카카오,https://webtoon.kakao.com/content/Dr.브레인/1315,https://kr-a.kakaopagecdn.com/P/C/1315/c1/2x/86daa0de-eb0d-4d23-95d5-ee5dcba7694a.png
33,늑대 대공의 반려인간,"이서현,이서현",목,로맨스 판타지,"늑대 대공 칼과
그의 반려동물이 된
아델의 로맨스판타지",카카오,https://webtoon.kakao.com/content/늑대-대공의-반려인간/2778,https://kr-a.kakaopagecdn.com/P/C/2778/c1/2x/1195dda7-1e27-4848-ba9f-5afe4e526f9f.png
34,백의사자,"체사,체사",목,판타지 드라마,"세상에 잊혀진 소년에게
내밀어진 손으로부터
모든 것이 시작됐다",카카오,https://webtoon.kakao.com/content/백의사자/2042,https://kr-a.kakaopagecdn.com/P/C/2042/c1/2x/efadd273-1cad-45d9-aa20-03b53b170989.png
0,무적자,"노경찬,휘",금,액션/무협,"평범하게 살고 싶었지만
모든 것을 잃은
사내의 복수가 시작된다",카카오,https://webtoon.kakao.com/content/무적자/3014,https://kr-a.kakaopagecdn.com/P/C/3014/c1/2x/3601545f-108a-426f-99a9-ecbf6597b3da.png
1,온:초점,"라코,라코",금,로맨스,"잘생긴 직장인
수지는
아직도 첫사랑 중",카카오,https://webtoon.kakao.com/content/온초점/3055,https://kr-a.kakaopagecdn.com/P/C/3055/c1/2x/bb87b609-10ea-411d-9cc8-31eeb0dc737a.png
2,미완결,"네온비,안나래",금,드라마,"동경하던 천재 소설가
선생님이 내 애인을
강렬히 원한다",카카오,https://webtoon.kakao.com/content/미완결/1882,https://kr-a.kakaopagecdn.com/P/C/1882/c1/2x/bd3bd414-c69d-41ea-9823-81b3e523892d.png
3,퀴퀴한 일기,"2B,2B",금,코믹/일상,"즈질스럽고 
퀴퀴한 언니의 
쿰쿰한 일상다반사",카카오,https://webtoon.kakao.com/content/퀴퀴한-일기/1295,https://kr-a.kakaopagecdn.com/P/C/1295/c1/2x/4f7e543a-0941-4928-852e-3c38ca55b39c.png
4,말하기엔 사소한,"라코,라코",금,드라마,"스물여덟.
서점에서 일하는 우희는
섹스 중독이다.",카카오,https://webtoon.kakao.com/content/말하기엔-사소한/2939,https://kr-a.kakaopagecdn.com/P/C/2939/c1/2x/4613a0f1-ef15-4c1e-b222-f9e295be1e6f.png
5,바리공주,"김나임,김나임",금,판타지 드라마,"무당이 되기 위한 소녀
아내를 찾아 떠도는
조선시대 귀신 이야기",카카오,https://webtoon.kakao.com/content/바리공주/1405,https://kr-a.kakaopagecdn.com/P/C/1405/c1/2x/cb22ffcc-11ce-4e6c-bd05-b62978dec5f2.png
6,크레센도,"김탐미,김탐미",금,드라마,"다 가진 여자와 
다 뺏고 싶은 남자의 
질투와 사랑",카카오,https://webtoon.kakao.com/content/크레센도/2097,https://kr-a.kakaopagecdn.com/P/C/2097/c1/2x/f91e4ac2-7e53-4405-877e-788aa56103b8.png
7,관계지침,"이품,이품",금,로맨스,"모르겠다면
바로 세워 줄게,
네 마음.",카카오,https://webtoon.kakao.com/content/관계지침/2924,https://kr-a.kakaopagecdn.com/P/C/2924/c1/2x/6e7b5362-2568-4a26-ac67-6e24cf2b263b.png
8,소녀신선,"효미,효미",금,판타지 드라마,"신선이 된 재수생. 
성질 드러운 이무기 
'꽝철이'와 만나다",카카오,https://webtoon.kakao.com/content/소녀신선/1304,https://kr-a.kakaopagecdn.com/P/C/1304/c1/2x/7cbba395-eab2-4b0a-8f39-f4f8fbda1144.png
9,열무와 알타리,"유영,유영",금,코믹/일상,"우리의 일상이
누군가에게 공감과
위로가 되길 바라며…",카카오,https://webtoon.kakao.com/content/열무와-알타리/1855,https://kr-a.kakaopagecdn.com/P/C/1855/c1/2x/ece6c6b7-0f0d-4ea6-97ed-9e70bb5f322a.png
10,우리 청춘의 사랑은,"손달섭,손달섭",금,코믹/일상,"사탕보다 더 달콤했던
찬란한 청춘의 사랑
다시 한번 느껴보실?",카카오,https://webtoon.kakao.com/content/우리-청춘의-사랑은/2600,https://kr-a.kakaopagecdn.com/P/C/2600/c1/2x/0e5e63d4-7a9c-4696-8b5b-83f3babdda7e.png
11,프린세스,"한승원,프린세스프로덕션",금,로맨스 판타지,"3대에 걸친 대서사시
라미라,아나토리아,
스가르드 3국의 이야기",카카오,https://webtoon.kakao.com/content/프린세스/3013,https://kr-a.kakaopagecdn.com/P/C/3013/c1/2x/5b5e61a2-1adf-429c-860f-9bf9ec253d8c.png
12,우리가 헤어진 사이에,"오하,오하",금,로맨스,"홀로서기를 시작한
그녀 앞에 남자가 된
남사친들이 돌아왔다!",카카오,https://webtoon.kakao.com/content/우리가-헤어진-사이에/2004,https://kr-a.kakaopagecdn.com/P/C/2004/c1/2x/fea199c3-4f06-4099-a745-b6033222634e.png
13,적당한 온도,"우갱,우갱",금,드라마,"흔한 이름과 얼굴의
'흔녀'인 나는 온도를
자유자재로 다룬다.",카카오,https://webtoon.kakao.com/content/적당한-온도/2112,https://kr-a.kakaopagecdn.com/P/C/2112/c1/2x/2c3b00b6-5e78-47ec-96a7-fd406fd5a8ad.png
14,싸움귀,"옥한돌,옥한돌",금,액션/무협,"지옥 최강의 싸움귀
아수라, 최강자를 찾아
이승으로 향하는데...",카카오,https://webtoon.kakao.com/content/싸움귀/2849,https://kr-a.kakaopagecdn.com/P/C/2849/c1/2x/5b476120-fd97-47f6-93d8-6c368f6285ed.png
15,불청객과 춤을,"홍자,홍자",금,드라마,"사방엔 온통 불청객뿐
해로는 무사히 사춘기를
돌파할 수 있을까?",카카오,https://webtoon.kakao.com/content/불청객과-춤을/2970,https://kr-a.kakaopagecdn.com/P/C/2970/c1/2x/f61574bd-9378-4b56-9a73-8159eda01ef3.png
16,틀린 가족,"까마중,까마중",금,드라마,"폭력으로 멍든 가족
그들의 삶을 그린
일곱 빛깔 이야기",카카오,https://webtoon.kakao.com/content/틀린-가족/3052,https://kr-a.kakaopagecdn.com/P/C/3052/c1/2x/8c2a6731-27bc-496e-ba8f-ea2c6f592604.png
17,닭은 의외로 위대하다,"미역의효능,미역의효능",금,판타지 드라마,"닭, 고양이, 20대,
그리고 할머니의
좀비세상 서바이벌",카카오,https://webtoon.kakao.com/content/닭은-의외로-위대하다/1816,https://kr-a.kakaopagecdn.com/P/C/1816/c1/2x/aa4a1ec6-e973-4f02-9890-d6006eb31680.png
18,고스트 터미널,"GAR2,오쌤",금,판타지 드라마,"<고스트 터미널>에
떨어진 선우가 이승으로
돌아가려는 이야기.",카카오,https://webtoon.kakao.com/content/고스트-터미널/2898,https://kr-a.kakaopagecdn.com/P/C/2898/c1/2x/8075bc1f-ab28-421c-93b6-3008fd8bfc92.png
19,죽일 수 없다면 사랑하세요,"JIN,JIN",금,로맨스,"공주를 죽이기 위해
하녀로 위장한 페니
그런데 난 왜 공주를…",카카오,https://webtoon.kakao.com/content/죽일-수-없다면-사랑하세요/2987,https://kr-a.kakaopagecdn.com/P/C/2987/c1/2x/aaaf8dae-3706-47ee-abb0-cfe47430052d.png
20,100일의 로맨스,"다래,다래",금,로맨스,"회귀 후 100일간
고백에 성공 못 하면
사망 엔딩이라고요?!",카카오,https://webtoon.kakao.com/content/100일의-로맨스/3071,https://kr-a.kakaopagecdn.com/P/C/3071/c1/2x/77743071-ce23-45c3-9aff-4817f263c096.png
21,누구의 아이를 낳을까,"황미리,황미리",금,로맨스,"귀인을 낳으면 
모두 얻게 되리라",카카오,https://webtoon.kakao.com/content/누구의-아이를-낳을까/3011,https://kr-a.kakaopagecdn.com/P/C/3011/c1/2x/fcffedbc-fc3c-48f0-b2d1-b4a65068f254.png
22,버니 로즈,"WALCOMIC,WALCOMIC",금,로맨스,"멋진 연애를 꿈꾸지만
생각대로 풀리지 않는
세 사람의 로맨스시트콤",카카오,https://webtoon.kakao.com/content/버니-로즈/2842,https://kr-a.kakaopagecdn.com/P/C/2842/c1/2x/5f16918b-50a3-4289-98c9-7b9cf6cac4b1.png
23,회개불가,"임태균,성훈",금,액션/무협,"내 동생 
강간한 놈들은 
모조리 죽인다",카카오,https://webtoon.kakao.com/content/회개불가/3034,https://kr-a.kakaopagecdn.com/P/C/3034/c1/2x/537a1992-cdc1-4071-aaf9-4561de04c723.png
24,내게 볕이 닿지 않아도,"라코,기만",금,드라마,"그냥 처음 본 순간부터
스물셋 미로는
의붓오빠를 짝사랑한다.",카카오,https://webtoon.kakao.com/content/내게-볕이-닿지-않아도/2928,https://kr-a.kakaopagecdn.com/P/C/2928/c1/2x/051f56fa-edfc-4de0-8f67-b4420bf95eea.png
25,로엘린은 미래를 걷는다,"로지야,로지야",금,로맨스 판타지,"미래를 보는 로엘린과
광휘의 기사 단테의
운명 같은 로맨스",카카오,https://webtoon.kakao.com/content/로엘린은-미래를-걷는다/2522,https://kr-a.kakaopagecdn.com/P/C/2522/c1/2x/93691d3d-14f7-4803-be87-ba39b10619eb.png
26,다빈치치 풋볼,"다빈치치,다빈치치",금,코믹/일상,"카타르 월드컵을
코믹하고 생생하게
전달하는 다빈치치 풋볼",카카오,https://webtoon.kakao.com/content/다빈치치-풋볼/3069,https://kr-a.kakaopagecdn.com/P/C/3069/c1/2x/effbeae0-a08e-4597-9533-e68b5babc64d.png
27,천 개의 달이 뜨면,"박희정,박희정",금,로맨스,"죽음은 우리를 갈라놓을
수 없기에 살아서 
숲으로 다시 돌아가자",카카오,https://webtoon.kakao.com/content/천-개의-달이-뜨면/2643,https://kr-a.kakaopagecdn.com/P/C/2643/c1/2x/256b7015-0250-4424-8dfc-832a5e4d1fcf.png
28,김탐정 사용설명서,"이장희,이장희",금,학원/판타지,"죽어도 괜찮은 악인들,
개 얼굴을 한 남자의
금속혈투 사이버펑크!",카카오,https://webtoon.kakao.com/content/김탐정-사용설명서/1298,https://kr-a.kakaopagecdn.com/P/C/1298/c1/2x/cf95593b-5baa-4cc8-9987-769afd598abb.png
29,네가 죽은 세계의 나,"JA,JA",금,공포/스릴러,"과거로 돌아가는
그 주문에는 끔찍한
대가가 필요했다.",카카오,https://webtoon.kakao.com/content/네가-죽은-세계의-나/2920,https://kr-a.kakaopagecdn.com/P/C/2920/c1/2x/e635bdf4-9b5a-4310-9027-f49c940996aa.png
30,최경민 단편집,"최경민,최경민",금,드라마,"희극과 비극이 뒤엉킨
8가지의 이야기-
블랙코미디 단편선.",카카오,https://webtoon.kakao.com/content/최경민-단편집/2882,https://kr-a.kakaopagecdn.com/P/C/2882/c1/2x/26a5b562-aa70-44e6-9564-549ccace75e8.png
31,취향의 문제,"한지우,한지우",금,드라마,"완벽한 부부같아
보이는 서준과 혜원, 
의심이 싹트게 되는데",카카오,https://webtoon.kakao.com/content/취향의-문제/2781,https://kr-a.kakaopagecdn.com/P/C/2781/c1/2x/13b175fd-9741-4a31-b7ed-b29f17c51b6e.png
32,파륜아이,"박은비,박은비",금,공포/스릴러,"부모를 살해한 형.
형이 부모를 죽인
진실과 마주친다",카카오,https://webtoon.kakao.com/content/파륜아이/1999,https://kr-a.kakaopagecdn.com/P/C/1999/c1/2x/f9590b08-fda3-4bc9-b6a4-5e51a2d937c4.png
33,금강야차,"박시홍,박시홍",금,액션/무협,"신분의 벽,
그 한계를 뛰어넘기 
위한 도박이 시작된다!",카카오,https://webtoon.kakao.com/content/금강야차/2936,https://kr-a.kakaopagecdn.com/P/C/2936/c1/2x/1ebcdbbd-abef-4995-90d2-7f0baf0f8cac.png
34,봄을 그린 화원,"수박,수박",금,드라마,"화첩을 그리기 위해
화원들이 모인다 이것은
살인범을 잡기 위한 덫",카카오,https://webtoon.kakao.com/content/봄을-그린-화원/2855,https://kr-a.kakaopagecdn.com/P/C/2855/c1/2x/ce0775cc-471e-472d-8aa4-dabc2497b58d.png
35,이별로 와요,"모래인간,까말솔",금,판타지 드라마,"여기, 유령들이
사는 행성이
하나 있다.",카카오,https://webtoon.kakao.com/content/이별로-와요/2887,https://kr-a.kakaopagecdn.com/P/C/2887/c1/2x/773e05f1-42f4-4ad6-954c-27e541dfb046.png
36,렐름 오브 퀸 -여왕의 영역-,"전뇌조율사,라페",금,로맨스 판타지,"온 세상을  발 밑에 
깔아드리지. 당신은
 내게 뭘 줄 거지?",카카오,https://webtoon.kakao.com/content/렐름-오브-퀸-여왕의-영역-/2960,https://kr-a.kakaopagecdn.com/P/C/2960/c1/2x/0ef00ba6-2d1f-443f-b743-a878da42389e.png
37,더 챌린저,"TryTry(REDICE STUDIO),키보드",금,판타지 드라마,"게임속 난 최고가 된다
'루저' 박노아의 
프로게이머 도전기.",카카오,https://webtoon.kakao.com/content/더-챌린저/2536,https://kr-a.kakaopagecdn.com/P/C/2536/c1/2x/826b963f-4d67-465b-a6d3-341d77d70e14.png
38,너를 죽이는 방법,"창,산라",금,드라마,"어느 날
남자에게 다가온
정체 모를 한 여자",카카오,https://webtoon.kakao.com/content/너를-죽이는-방법/2663,https://kr-a.kakaopagecdn.com/P/C/2663/c1/2x/e11edaaf-0d0a-4236-a705-e92cc1773de4.png
39,귀의하나이다,"인경,인경",금,판타지 드라마,"너, 옥황상제를 잇는
신이 될
생각이 없는 게냐?",카카오,https://webtoon.kakao.com/content/귀의하나이다/2712,https://kr-a.kakaopagecdn.com/P/C/2712/c1/2x/ee57217f-4509-4d95-9e1f-8d136ce60669.png
40,통 속의 브레인,"앵무새,안도윤",금,학원/판타지,"일류 사령술사 브레인.
지금은 통 속의 뇌?
잘린 목 탈출극 개막.",카카오,https://webtoon.kakao.com/content/통-속의-브레인/2775,https://kr-a.kakaopagecdn.com/P/C/2775/c1/2x/26016f0e-7444-43b6-ba2c-2a1e63a64d4f.png
0,비에 젖은 흔적들이다,"무류,무류",화,로맨스,"그날
내가 잃어버린 것은
너일까, 나일까.",카카오,https://webtoon.kakao.com/content/비에-젖은-흔적들이다/3030,https://kr-a.kakaopagecdn.com/P/C/3030/c1/2x/d5d7b960-a64c-4594-9e1b-9b5219baafba.png
1,나쁜 X,"조졸리,조졸리",화,로맨스,"'진짜 사랑이란?'
공허한 하이의 마음을
누가 채울 것인가.",카카오,https://webtoon.kakao.com/content/나쁜-X/3056,https://kr-a.kakaopagecdn.com/P/C/3056/c1/2x/66960ba1-223a-485a-8207-18c003eae5c3.png
2,아비무쌍,"노경찬,이현석",화,액션/무협,"무림 고수 등장!
하늘의 뜻을 아니
아비는 무쌍이다!",카카오,https://webtoon.kakao.com/content/아비무쌍/1395,https://kr-a.kakaopagecdn.com/P/C/1395/c1/2x/fb9740ed-9361-4800-b52e-8b5fbfa51bda.png
3,비밀 사이,"맥퀸스튜디오,맥퀸스튜디오",화,로맨스,"미웠던 사람이 
좋아지는 건 한순간! 
두근두근 회사로맨스",카카오,https://webtoon.kakao.com/content/비밀-사이/1943,https://kr-a.kakaopagecdn.com/P/C/1943/c1/2x/1f50e5a0-7f91-4670-adae-a38aadcdcac3.png
4,지옥사원,"네온비,캐러멜",화,판타지 드라마,"악마의 직장 생활?
인간이 된 악마의
인간 사회 적응기",카카오,https://webtoon.kakao.com/content/지옥사원/1369,https://kr-a.kakaopagecdn.com/P/C/1369/c1/2x/e378e969-31e0-4048-883f-83010f337518.png
5,너를 만나다,"다노아,다노아",화,로맨스,"어느 날 우연히
너를 만나 변화하는
나의 이야기",카카오,https://webtoon.kakao.com/content/너를-만나다/1891,https://kr-a.kakaopagecdn.com/P/C/1891/c1/2x/f42c47c5-bb5e-4acf-a13e-12269201d767.png
6,관계지침,"이품,이품",화,로맨스,"모르겠다면
바로 세워 줄게,
네 마음.",카카오,https://webtoon.kakao.com/content/관계지침/2924,https://kr-a.kakaopagecdn.com/P/C/2924/c1/2x/6e7b5362-2568-4a26-ac67-6e24cf2b263b.png
7,신랑이 사라졌다,"방자,방자",화,드라마,"사라진 신랑을 찾아라!
톱스타 진사랑의
고군분투 사랑이야기",카카오,https://webtoon.kakao.com/content/신랑이-사라졌다/2034,https://kr-a.kakaopagecdn.com/P/C/2034/c1/2x/c0ad8101-895e-439b-bfa7-a485864aeb83.png
8,바다의 그림자,"비둘기,비둘기",화,로맨스,"알고 싶지 않았던 
연인의 첫 번째 사랑
우리 사랑할 수 있을까",카카오,https://webtoon.kakao.com/content/바다의-그림자/2560,https://kr-a.kakaopagecdn.com/P/C/2560/c1/2x/016eb0b4-cf5e-4237-b6b8-f1aefb68f618.png
9,트레이스,"네스티캣,네스티캣",화,학원/판타지,"트레이스, 트러블,
인간... 그들의
생존을 건 싸움",카카오,https://webtoon.kakao.com/content/트레이스/1047,https://kr-a.kakaopagecdn.com/P/C/1047/c1/2x/24cf62c9-5311-4641-a65e-a227cc335c6b.png
10,인간시장,"아흠,아흠",화,드라마,"내 삶을 쥐고 
흔드는 너.
도대체 정체가 뭐야?",카카오,https://webtoon.kakao.com/content/인간시장/3033,https://kr-a.kakaopagecdn.com/P/C/3033/c1/2x/a4e75250-6428-4d5f-a53e-5d34fd4006ae.png
11,기프트,"정이리이리,정이리이리",화,판타지 드라마,"선수들의 능력을
볼 수 있는 감독과,
선수들의 고교야구",카카오,https://webtoon.kakao.com/content/기프트/2140,https://kr-a.kakaopagecdn.com/P/C/2140/c1/2x/fd2a586b-0adb-4983-8dac-4a70678cb5ff.png
12,우리집이거든요!,"공룡,공룡",화,로맨스,"극한인생에 찾아 온
거액의 상속과
정체모를 녀석들!",카카오,https://webtoon.kakao.com/content/우리집이거든요/1673,https://kr-a.kakaopagecdn.com/P/C/1673/c1/2x/c099e323-ee8d-4239-86b0-4e37d5688db5.png
13,낙원씨네마,"평화,재필",화,드라마,"좋아하는 선배가 떠났다
낙원은 결심했다
그를 따라가기로",카카오,https://webtoon.kakao.com/content/낙원씨네마/2943,https://kr-a.kakaopagecdn.com/P/C/2943/c1/2x/32275980-9b0f-4d2e-9556-a093b4101acc.png
14,싸움귀,"옥한돌,옥한돌",화,액션/무협,"지옥 최강의 싸움귀
아수라, 최강자를 찾아
이승으로 향하는데...",카카오,https://webtoon.kakao.com/content/싸움귀/2849,https://kr-a.kakaopagecdn.com/P/C/2849/c1/2x/5b476120-fd97-47f6-93d8-6c368f6285ed.png
15,하드오피스,"타큐,타큐",화,공포/스릴러,"같은 팀 사람이 죽었다
분명히 우리 팀에
살인자가 있다.",카카오,https://webtoon.kakao.com/content/하드오피스/2623,https://kr-a.kakaopagecdn.com/P/C/2623/c1/2x/30614e4e-fef9-4a49-9378-a6db426c34ea.png
16,환상의 아이들,"김다,김다",화,판타지 드라마,"저주받은 학교
그곳에서 귀신보다
위험한 놈과 엮였다",카카오,https://webtoon.kakao.com/content/환상의-아이들/2144,https://kr-a.kakaopagecdn.com/P/C/2144/c1/2x/00bbbadc-8df4-4a74-a4fa-9873d6aa388e.png
17,그녀의 앵무새,"금계수,금계수",화,판타지 드라마,"현실적인 은행원과
이상론자 앵무새,
두 상극의 이야기.",카카오,https://webtoon.kakao.com/content/그녀의-앵무새/1863,https://kr-a.kakaopagecdn.com/P/C/1863/c1/2x/92e1732e-87a7-49fe-bde1-47760d8af4b7.png
18,누구의 아이를 낳을까,"황미리,황미리",화,로맨스,"귀인을 낳으면 
모두 얻게 되리라",카카오,https://webtoon.kakao.com/content/누구의-아이를-낳을까/3011,https://kr-a.kakaopagecdn.com/P/C/3011/c1/2x/fcffedbc-fc3c-48f0-b2d1-b4a65068f254.png
19,여름엔 비,"모가비,모가비",화,로맨스,"온라인의 천생연분 vs
오프라인의 천생연분,
누구를 선택해야 할까?",카카오,https://webtoon.kakao.com/content/여름엔-비/2868,https://kr-a.kakaopagecdn.com/P/C/2868/c1/2x/4fdc835b-208c-4df0-9a0c-6f2960004ea8.png
20,트리거,"불만있냥,불만있냥",화,학원/판타지,"지금부터 학교에서 가장
유명한 어느 빵셔틀의
이야기를 들려줄게.",카카오,https://webtoon.kakao.com/content/트리거/2364,https://kr-a.kakaopagecdn.com/P/C/2364/c1/2x/ab5557a0-9ff7-4a9d-bae1-1099119ba129.png
21,불멸의 투귀,"옥한돌,옥한돌",화,액션/무협,"최고신 제석천에게
뺏긴 동생을 찾기 위해
지옥을 받아들였다.",카카오,https://webtoon.kakao.com/content/불멸의-투귀/2796,https://kr-a.kakaopagecdn.com/P/C/2796/c1/2x/864e5808-3be7-4990-a32f-075ca63134d4.png
22,106,"강태경,강태경",화,액션/무협,"초법적인 군사교정시설
106교육대가
창설된다.",카카오,https://webtoon.kakao.com/content/106/2837,https://kr-a.kakaopagecdn.com/P/C/2837/c1/2x/5bf26294-5a78-400c-bd48-22a1eb7b7883.png
23,홈런의 공식,"황지성,황지성",화,드라마,"연봉 30억 홈런왕에게
빙의 된 취준생의
통쾌한 인생역전홈런!",카카오,https://webtoon.kakao.com/content/홈런의-공식/2794,https://kr-a.kakaopagecdn.com/P/C/2794/c1/2x/88e445e4-688e-4dd3-94d5-0bf7cca11051.png
24,화폐개혁,"윤필,임정호",화,판타지 드라마,"최하층 밑바닥 삶에게
찾아온 1조 원 상속.
그리고 화.폐.개.혁!",카카오,https://webtoon.kakao.com/content/화폐개혁/1877,https://kr-a.kakaopagecdn.com/P/C/1877/c1/2x/188296bb-853f-43d1-8e94-04bdfe1742a2.png
25,다빈치치 풋볼,"다빈치치,다빈치치",화,코믹/일상,"카타르 월드컵을
코믹하고 생생하게
전달하는 다빈치치 풋볼",카카오,https://webtoon.kakao.com/content/다빈치치-풋볼/3069,https://kr-a.kakaopagecdn.com/P/C/3069/c1/2x/effbeae0-a08e-4597-9533-e68b5babc64d.png
26,가어도,"서우,서우",화,공포/스릴러,"장마철 고립되는 섬
그곳에서 일어나는
미스터리 공포",카카오,https://webtoon.kakao.com/content/가어도/2773,https://kr-a.kakaopagecdn.com/P/C/2773/c1/2x/78afeb59-e1a1-4df1-8593-1091780e55e5.png
27,엑스텐,"도안나,안재진",화,액션/무협,"불행의 연속으로 양궁을
그만둔 양궁천재 오빈우
전설이 다시 시작되다!",카카오,https://webtoon.kakao.com/content/엑스텐/2599,https://kr-a.kakaopagecdn.com/P/C/2599/c1/2x/40f378ce-ed72-4405-af90-314ce266a39e.png
28,타락도시,"원동,원동",화,학원/판타지,"되돌릴 수 없다면
모조리 부숴주겠어.
너희들이 앗아간 만큼",카카오,https://webtoon.kakao.com/content/타락도시/2915,https://kr-a.kakaopagecdn.com/P/C/2915/c1/2x/38b67d6a-26b9-41b5-b094-b948cebbd125.png
29,용궁에서 온 손님,"Hanna,Hanna",화,판타지 드라마,"바다거북 귀영과
외톨이 연수가 펼치는
청춘 행복 드라마",카카오,https://webtoon.kakao.com/content/용궁에서-온-손님/2908,https://kr-a.kakaopagecdn.com/P/C/2908/c1/2x/b3369c6d-cb70-4840-865b-92876235cd7a.png
30,네 곁에도 어쩌면,"윤지운,윤지운",화,드라마,"사람은 타인의
인생에 정말 냉담하고 
가혹하구나.",카카오,https://webtoon.kakao.com/content/네-곁에도-어쩌면/2544,https://kr-a.kakaopagecdn.com/P/C/2544/c1/2x/0bf107fc-4cb2-4036-aef4-311afd7d6e86.png
31,대선비쇼에 어서오세요!,"아람,아람",화,드라마,"나랑 방송하지 않을래?
유도를 그만둔 황희는
PD지망생을 만나는데",카카오,https://webtoon.kakao.com/content/대선비쇼에-어서오세요/2017,https://kr-a.kakaopagecdn.com/P/C/2017/c1/2x/35fe203c-a60a-4734-93dc-de7c7d9fca5e.png
32,집으로 돌려보내 주세요,"이지,이지",화,로맨스 판타지,"과연 나는 죽지 않고 
무사히 집으로 
돌아갈 수 있을까…?",카카오,https://webtoon.kakao.com/content/집으로-돌려보내-주세요/2774,https://kr-a.kakaopagecdn.com/P/C/2774/c1/2x/41784ec2-6ac0-46f2-a881-e1790be50245.png
33,사랑하는 존재,"향유 크리에이티브,향유 크리에이티브",화,로맨스,"내가 이식받은 심장이
같은 반 남자애 
아빠의 심장이라고?",카카오,https://webtoon.kakao.com/content/사랑하는-존재/1998,https://kr-a.kakaopagecdn.com/P/C/1998/c1/2x/feda26b5-7db5-4685-a6d5-45ffc8470578.png
34,맛볼 수 없는 남자,"이후추,이후추",화,로맨스,"날카로운 말 아래의
당신이 궁금해
네 혀를 날 위해 써줘",카카오,https://webtoon.kakao.com/content/맛볼-수-없는-남자/2998,https://kr-a.kakaopagecdn.com/P/C/2998/c1/2x/0a81acba-e682-4d26-bfa2-46c9f1762915.png
35,단두 (斷頭),"붉은 발,이동욱",화,액션/무협,"단영, 단린,
두 오누이의
성장과 복수",카카오,https://webtoon.kakao.com/content/단두-斷頭/1825,https://kr-a.kakaopagecdn.com/P/C/1825/c1/2x/1aa92fe5-48fd-4a0b-a8c6-a95858d54187.png
36,딩스뚱스,"딩스,딩스",화,코믹/일상,"토종 한국인
딩스와 뚱스,
타지에서 맨땅에 헤딩!",카카오,https://webtoon.kakao.com/content/딩스뚱스/760,https://kr-a.kakaopagecdn.com/P/C/760/c1/2x/daefa09f-fc05-419e-955e-af6098b04e42.png
37,팬더댄스,"조경규,조경규",화,코믹/일상,"까만 눈두덩이에
게슴츠레 뜬 눈
귀여운 팬더의 대활약극",카카오,https://webtoon.kakao.com/content/팬더댄스/93,https://kr-a.kakaopagecdn.com/P/C/93/c1/2x/b25412d5-fd8b-42ad-aa67-714ae8ca4d2a.png
38,닥터 파인의 하루,"김용회,김용회",화,판타지 드라마,"망자의 영혼을 수거하는
한 남자와 한 여자의
삶과 사랑의 이야기",카카오,https://webtoon.kakao.com/content/닥터-파인의-하루/1827,https://kr-a.kakaopagecdn.com/P/C/1827/c1/2x/3c6e3a3c-2fdf-47f7-954b-a11530675a28.png
0,대사형 선유,"노경찬,박창환",월,액션/무협,"나쁜짓을 해도 내가 해
너희들의 대사형이니까
선유의 말 한마디",카카오,https://webtoon.kakao.com/content/대사형-선유/2589,https://kr-a.kakaopagecdn.com/P/C/2589/c1/2x/80a1aa9b-4463-43ea-b978-f8ca70e0d7f8.png
1,시크릿 미미,"초롱이,초롱이",월,로맨스,"하룻밤 보낸 남자가
알고 보니…
조카의 유치원 선생님?",카카오,https://webtoon.kakao.com/content/시크릿-미미/3060,https://kr-a.kakaopagecdn.com/P/C/3060/c1/2x/11f38c0a-ed2b-4113-a087-e405598c6593.png
2,바니와 오빠들,"니은,니은",월,로맨스,"흑역사 첫 연애 후
자꾸 남자들이 꼬인다!
누가 똥차 누가 벤츠?",카카오,https://webtoon.kakao.com/content/바니와-오빠들/1781,https://kr-a.kakaopagecdn.com/P/C/1781/c1/2x/60d17277-08f6-4790-ad52-ee8de35deda1.png
3,L.A.G,"암현,암현",월,학원/판타지,"죽음과 삶의 반복에서
최하층 탈출을 위한
처절한 생존 서바이벌",카카오,https://webtoon.kakao.com/content/L.A.G/2715,https://kr-a.kakaopagecdn.com/P/C/2715/c1/2x/961b99b4-5d73-4af3-ad94-cda3792f9b7f.png
4,무지개다리 파수꾼,"이서,이서",월,판타지 드라마,"돈과 명예만을 좇던
유명 수의사 한철,
동물의 소리가 들린다!",카카오,https://webtoon.kakao.com/content/무지개다리-파수꾼/2043,https://kr-a.kakaopagecdn.com/P/C/2043/c1/2x/fa1d09d1-5d7d-4727-adaf-35b1a5188cf4.png
5,미생,"윤태호,윤태호",월,드라마,"자신의 삶을 
승리하기 위해 
돌을 잇는 사람들",카카오,https://webtoon.kakao.com/content/미생/818,https://kr-a.kakaopagecdn.com/P/C/818/c1/2x/16261f67-0544-4c0b-be0d-e3682112d428.png
6,액괴,"서강용,서강용",월,학원/판타지,"괴생물 섭취 후 
나타난 신체 변이
이 구역의 짱은 나야",카카오,https://webtoon.kakao.com/content/액괴/2147,https://kr-a.kakaopagecdn.com/P/C/2147/c1/2x/ac26c84a-34b6-4677-a184-258013e1ba4a.png
7,뱀파이어의 아들들,"아가,아가",월,판타지 드라마,"흡혈 욕망에서 
자유로워지는 방법은
바로 진정한 사랑♡♡",카카오,https://webtoon.kakao.com/content/뱀파이어의-아들들/3070,https://kr-a.kakaopagecdn.com/P/C/3070/c1/2x/32450fd1-8db3-46b4-a7fe-ec781598e9f4.png
8,환골탈태,"마고(mago),마고(mago)",월,판타지 드라마,"마계에서 벌어지는 
해골이의 좌충우돌 
고양이 육아 대작전",카카오,https://webtoon.kakao.com/content/환골탈태/2329,https://kr-a.kakaopagecdn.com/P/C/2329/c1/2x/a3d74994-fca9-4f92-8093-d17d40435736.png
9,뱀파이어님의 대리식사,"멜리,웬즈데이",월,로맨스,"대학생 시영이와
외로운 뱀파이어의 
심쿵 먹방 동거생활!",카카오,https://webtoon.kakao.com/content/뱀파이어님의-대리식사/1959,https://kr-a.kakaopagecdn.com/P/C/1959/c1/2x/38d65d7f-8763-424a-9c97-102e8a1a3e3f.png
10,롱리브더킹,"버드나무숲,버드나무숲",월,드라마,"혼란스러운 세상 속,
그가 던지는 
희망의 메시지!",카카오,https://webtoon.kakao.com/content/롱리브더킹/2302,https://kr-a.kakaopagecdn.com/P/C/2302/c1/2x/216c7d07-c9a3-4906-92db-65c5f3fd430b.png
11,이대로 멈출 순 없다,"자룡,골왕",월,코믹/일상,"사상 최악의 막장
쓰레기 문제아 학교,
정문여상에서 살아남기!",카카오,https://webtoon.kakao.com/content/이대로-멈출-순-없다/1703,https://kr-a.kakaopagecdn.com/P/C/1703/c1/2x/1e9bda10-43b2-4445-8187-3324527b4066.png
12,스위치,"지뚱,김동찬",월,학원/판타지,"몰려다니지 마라
양아치놈들아!!
다 죽여버리고 싶으니까",카카오,https://webtoon.kakao.com/content/스위치/2683,https://kr-a.kakaopagecdn.com/P/C/2683/c1/2x/f3ac7e42-fed9-41e8-a030-ce8367e2ffbc.png
13,나도 있어! 근육,"yami,yami",월,코믹/일상,"허약체질인
웹툰작가의
필라테스 도전기",카카오,https://webtoon.kakao.com/content/나도-있어-근육/2797,https://kr-a.kakaopagecdn.com/P/C/2797/c1/2x/5a7db2b6-bce3-4c11-b4ec-eff97a041888.png
14,그라티아,"상민,기현",월,학원/판타지,"엑소시스트가
되고자 하는
소녀의 이야기",카카오,https://webtoon.kakao.com/content/그라티아/1621,https://kr-a.kakaopagecdn.com/P/C/1621/c1/2x/5e1e6f9e-0abd-48d7-b833-336b1cbcad25.png
15,이계막차,"휘요,휘요",월,판타지 드라마,"이계로 떨어진 지안은
소원을 빌기 위해
꽃을 피워야 한다!",카카오,https://webtoon.kakao.com/content/이계막차/2772,https://kr-a.kakaopagecdn.com/P/C/2772/c1/2x/7d5a513c-8bdd-4284-b5e5-6265ed8116ac.png
16,사장님의 특별지시,"박한나,지나",월,로맨스,"사장님, 
결혼을 하자고요?!
비서의 예측불허 연애담",카카오,https://webtoon.kakao.com/content/사장님의-특별지시/2592,https://kr-a.kakaopagecdn.com/P/C/2592/c1/2x/28850f30-5e3b-4823-96d8-4070c2f02a7c.png
17,그 책에 마음을 주지 마세요,"문시현,임조조",월,로맨스 판타지,"책 속 폭군이
나를 죽일 거라고?
다가오는 남자들!",카카오,https://webtoon.kakao.com/content/그-책에-마음을-주지-마세요/2143,https://kr-a.kakaopagecdn.com/P/C/2143/c1/2x/7f0785ea-4de1-40d0-8079-dc138bb1ad96.png
18,타원을 그리는 법,"섬멍,섬멍",월,로맨스,"너무 다른 두 연인.
민성의 비밀은
뜻밖의 사건을 초래한다",카카오,https://webtoon.kakao.com/content/타원을-그리는-법/1768,https://kr-a.kakaopagecdn.com/P/C/1768/c1/2x/c3527889-173b-4ff7-bc9c-e611ca44c79a.png
19,계약직 신부,"여호경,이윤희",월,로맨스,"동경하던 상사와의
기간한정 계약 결혼
이 결혼생활의 엔딩은?",카카오,https://webtoon.kakao.com/content/계약직-신부/3010,https://kr-a.kakaopagecdn.com/P/C/3010/c1/2x/a223ff8d-371e-4318-8739-414f2ced415d.png
20,가비왕,"만두,만두",월,판타지 드라마,"흑막을 파헤쳐라!
최종화까지 내달리는
반전 스토리의 향연",카카오,https://webtoon.kakao.com/content/가비왕/2598,https://kr-a.kakaopagecdn.com/P/C/2598/c1/2x/11e1b403-d590-4e77-8190-5656a6135205.png
21,너를 만지면,"YAVA,해리",월,로맨스,"말랑말랑 귀여운 햄스터
""아라찌""를 만지면, 
모두 사랑에 빠진다! ",카카오,https://webtoon.kakao.com/content/너를-만지면/3027,https://kr-a.kakaopagecdn.com/P/C/3027/c1/2x/7f7a21fc-2c98-4519-9244-3a2e8e21328c.png
22,종말 후 라이브,"불암산,불암산",월,코믹/일상,"좀비 사태 이후 5년
느슨해진 좀비판을
긴장시킬 녀석이 왔다",카카오,https://webtoon.kakao.com/content/종말-후-라이브/2763,https://kr-a.kakaopagecdn.com/P/C/2763/c1/2x/f632f801-e26f-4902-82fd-a6872919cc85.png
23,복마전,"해원,김방훈",월,공포/스릴러,"밀폐된 우주 공간에서
허기를 채우려는 아귀!
그에 맞서는 과학자들",카카오,https://webtoon.kakao.com/content/복마전/2805,https://kr-a.kakaopagecdn.com/P/C/2805/c1/2x/c27fc9de-a319-49f2-8e30-81a30cd1204f.png
24,안젤리카,"지은광,지은광",월,드라마,"사람보다 먼
죽음보다는 가까운
인형과의 동거 시작!",카카오,https://webtoon.kakao.com/content/안젤리카/2851,https://kr-a.kakaopagecdn.com/P/C/2851/c1/2x/0b963247-f655-4857-aebf-dd07087640fe.png
25,오무라이스 잼잼,"조경규,조경규",월,코믹/일상,"다이어트 할 때
가장 위험한 만화
추억과 음식과 이야기들",카카오,https://webtoon.kakao.com/content/오무라이스-잼잼/198,https://kr-a.kakaopagecdn.com/P/C/198/c1/2x/34e11aca-b6b9-4829-9162-d7954c2257f2.png
26,뒤끝작렬,"조석호,그린스튜디오",월,판타지 드라마,"세상은 이제 
김철민이라는 이름을 
기억하게 될 것이다",카카오,https://webtoon.kakao.com/content/뒤끝작렬/2666,https://kr-a.kakaopagecdn.com/P/C/2666/c1/2x/5e20a2da-9032-4bc8-8ad4-8e217c210c2c.png
27,강호표사,"OZi,OZi",월,액션/무협,"속물 표사 무영은
사부의 바람대로
협객이 될 수 있을까?",카카오,https://webtoon.kakao.com/content/강호표사/1931,https://kr-a.kakaopagecdn.com/P/C/1931/c1/2x/816fe563-e949-4795-b931-f644a6127e7f.png
28,조류공포증,"조눈,리도",월,공포/스릴러,"조류공포증인 남자가
돌연변이 새들로부터
가족을 지키는 이야기",카카오,https://webtoon.kakao.com/content/조류공포증/1716,https://kr-a.kakaopagecdn.com/P/C/1716/c1/2x/198258f9-cfa7-4e87-8ce4-0aae704d29b4.png
29,유부녀의 탄생,"김환타,김환타",월,코믹/일상,"누구도 알려주지 않은
결혼식 준비에 대한
리얼리티 웹툰!",카카오,https://webtoon.kakao.com/content/유부녀의-탄생/1078,https://kr-a.kakaopagecdn.com/P/C/1078/c1/2x/7f029161-6b95-4c09-98c5-76257b32df6e.png
30,일단 질러! 질렐루야,"yami,yami",월,코믹/일상,"소소한 
생활지름의 
세계로 오라~",카카오,https://webtoon.kakao.com/content/일단-질러-질렐루야/1140,https://kr-a.kakaopagecdn.com/P/C/1140/c1/2x/7515506a-7bdc-4cce-afc7-81ac4989d120.png
31,쓰레기 머학생,"수레기,수레기",월,코믹/일상,"다소 쓰레기 같은
작가의 일상 만화.
수학을 싫어합니다.",카카오,https://webtoon.kakao.com/content/쓰레기-머학생/1903,https://kr-a.kakaopagecdn.com/P/C/1903/c1/2x/d16c38dd-fe02-419e-8bcb-1230d532e0eb.png
32,취접냉월,"레이카,보민",월,로맨스,"엇갈린 운명의 두 사람
치열하고 아름다운
사랑과 복수",카카오,https://webtoon.kakao.com/content/취접냉월/2803,https://kr-a.kakaopagecdn.com/P/C/2803/c1/2x/c8c3f14e-641e-4c92-9902-45308ca1bb22.png
33,월요일이 사라졌다,"재미핥기,콩가",월,판타지 드라마,"직장인의 숙명, 월요일
그런데 어느 날 진짜로
월요일이 사라졌다!?",카카오,https://webtoon.kakao.com/content/월요일이-사라졌다/2929,https://kr-a.kakaopagecdn.com/P/C/2929/c1/2x/3c0edfa0-b637-4660-9939-89777fac7ed3.png
34,아싸가 알아버렸다,"곰브,곰브",월,드라마,"학교가 싫은 아싸 두봉
학교가 좋은 인싸 윤정
두 사람의 이야기!",카카오,https://webtoon.kakao.com/content/아싸가-알아버렸다/1847,https://kr-a.kakaopagecdn.com/P/C/1847/c1/2x/3dcc1459-4cac-4ff7-a3ff-e324e561e764.png
0,유부녀 킬러,"YOON,검둥",수,드라마,"육아휴직을 마치고 
복귀한 유부녀의
비밀스러운 이중생활",카카오,https://webtoon.kakao.com/content/유부녀-킬러/1963,https://kr-a.kakaopagecdn.com/P/C/1963/c1/2x/7e604844-5ad0-4b85-b8d2-f3e2599bc694.png
1,히든 플레이어,"나무나래,나무나래",수,학원/판타지,"""복수를 원하나...?
그렇다면...
먹어라.""",카카오,https://webtoon.kakao.com/content/히든-플레이어/3064,https://kr-a.kakaopagecdn.com/P/C/3064/c1/2x/e4473ea4-e5e9-4c56-9903-2c00eade899f.png
2,못할 짓,"산,산",수,드라마,"익명의 팬으로부터
유명 배우의 포르노
촬영을 제안받았다.",카카오,https://webtoon.kakao.com/content/못할-짓/2940,https://kr-a.kakaopagecdn.com/P/C/2940/c1/2x/8157e045-0435-48b8-b7b6-b6dc9352c50a.png
3,수린당 -비늘 고치는 집-,"일링스,일링스",수,판타지 드라마,"이런 축복은 그만.
운명을 바꾸기 위한
자매의 여정",카카오,https://webtoon.kakao.com/content/수린당-비늘-고치는-집/2074,https://kr-a.kakaopagecdn.com/P/C/2074/c1/2x/7125e6d0-2ef9-454d-86c8-19aa8b512196.png
4,말하기엔 사소한,"라코,라코",수,드라마,"스물여덟.
서점에서 일하는 우희는
섹스 중독이다.",카카오,https://webtoon.kakao.com/content/말하기엔-사소한/2939,https://kr-a.kakaopagecdn.com/P/C/2939/c1/2x/4613a0f1-ef15-4c1e-b222-f9e295be1e6f.png
5,천광명월,"석빈,석빈",수,액션/무협,"전쟁노예 천광
기생 명월의
가족 무협 드라마",카카오,https://webtoon.kakao.com/content/천광명월/2153,https://kr-a.kakaopagecdn.com/P/C/2153/c1/2x/ebe1dd27-c84a-4e7f-8920-aef09b94bfe1.png
6,옆집 이방인,"조금산,조금산",수,판타지 드라마,"어느 날 동네에 
갑자기 이사를 오게 된
이방인들.",카카오,https://webtoon.kakao.com/content/옆집-이방인/2601,https://kr-a.kakaopagecdn.com/P/C/2601/c1/2x/03322a9e-77bf-4f6e-a311-9aebf193edd1.png
7,쌍갑포차,"배혜수,배혜수",수,판타지 드라마,"낯선 곳에 나타난 
의문의 포장마차에서
일어나는 이야기",카카오,https://webtoon.kakao.com/content/쌍갑포차/1299,https://kr-a.kakaopagecdn.com/P/C/1299/c1/2x/3c0eaf55-cb1f-4bd4-b9f1-cd332f7525b8.png
8,여혜,"비나리,비나리",수,로맨스,"가려진 진실,
엇갈리는 이들의 
시대극 로맨스.",카카오,https://webtoon.kakao.com/content/여혜/1958,https://kr-a.kakaopagecdn.com/P/C/1958/c1/2x/a0dc4144-6bec-4d05-998e-d4d9c4271745.png
9,블랙 베히모스,"케이지콘,케이지콘",수,학원/판타지,"탈리스만이 되기 위한 
시험에 도전하는 
주인공의 힘겨운 전투!",카카오,https://webtoon.kakao.com/content/블랙-베히모스/792,https://kr-a.kakaopagecdn.com/P/C/792/c1/2x/ec1b1361-e701-4be8-925d-92761ecb31b9.png
10,교환 남녀,"노몽,노몽",수,로맨스,"친구가 내 전 남친과
사귄다면? 
복수를 위한 동맹 시작",카카오,https://webtoon.kakao.com/content/교환-남녀/2764,https://kr-a.kakaopagecdn.com/P/C/2764/c1/2x/d93bb440-623e-4a94-a2f1-6faa72ab684b.png
11,프린세스,"한승원,프린세스프로덕션",수,로맨스 판타지,"3대에 걸친 대서사시
라미라,아나토리아,
스가르드 3국의 이야기",카카오,https://webtoon.kakao.com/content/프린세스/3013,https://kr-a.kakaopagecdn.com/P/C/3013/c1/2x/5b5e61a2-1adf-429c-860f-9bf9ec253d8c.png
12,후크,"나진수,나진수",수,학원/판타지,"혁명이 시작된다
마법사vs마도 공학자
그들의 끝없는 전쟁",카카오,https://webtoon.kakao.com/content/후크/1381,https://kr-a.kakaopagecdn.com/P/C/1381/c1/2x/3fcec3eb-51cf-4fe2-8fef-14f335ab6f25.png
13,상추마켓,"해달강,666",수,학원/판타지,"상추마켓만 있으면
이 찐따같은 삶에서 
벗어날 수 있어!",카카오,https://webtoon.kakao.com/content/상추마켓/3057,https://kr-a.kakaopagecdn.com/P/C/3057/c1/2x/ff881513-2f3b-4a2e-a2ab-7240de9a67bc.png
14,안녕은하세요,"검둥,검둥",수,로맨스,"장르 사기 아닙니다.
강한 독자님만 견디는
하이퍼리즘 GL 로맨스",카카오,https://webtoon.kakao.com/content/안녕은하세요/2819,https://kr-a.kakaopagecdn.com/P/C/2819/c1/2x/1dd30b81-a216-4159-952d-0e346f14aa0c.png
15,곤,"수신지,수신지",수,드라마,"낙태죄 처벌로 여성들이
사라져버린(gone)
가상의 세상",카카오,https://webtoon.kakao.com/content/곤/2843,https://kr-a.kakaopagecdn.com/P/C/2843/c1/2x/bf7cc4e6-db7c-407e-8ec3-85d1988a95cd.png
16,도토리 문화센터,"난다,난다",수,코믹/일상,"취미 없는 부장님의
'무한 취미 지옥',
문화센터 생존기",카카오,https://webtoon.kakao.com/content/도토리-문화센터/2557,https://kr-a.kakaopagecdn.com/P/C/2557/c1/2x/f0b92a2a-597c-4779-84b7-1d45357f18af.png
17,앵그리체어,"강형규,강형규",수,학원/판타지,"미친놈들인 줄
알았는데
귀신들이었다",카카오,https://webtoon.kakao.com/content/앵그리체어/3015,https://kr-a.kakaopagecdn.com/P/C/3015/c1/2x/8302b3f4-4057-43e8-a1d6-099f5d37e381.png
18,악녀의 데뷔작,"T그린,정큰비",수,로맨스,"500년째 환생 중!
첫사랑 vs 애증남
네버엔딩 삼각 로맨스",카카오,https://webtoon.kakao.com/content/악녀의-데뷔작/2588,https://kr-a.kakaopagecdn.com/P/C/2588/c1/2x/2c8d421c-746d-4919-b75e-ff103e5a5754.png
19,금수친구들,"짤태식,짤태식",수,코믹/일상,"조선시대 집사의 
처절하고 유쾌한
집사 라이프",카카오,https://webtoon.kakao.com/content/금수친구들/1909,https://kr-a.kakaopagecdn.com/P/C/1909/c1/2x/1436aca7-6a9a-41e6-a2bd-44fe2a4f9cfd.png
20,버니 로즈,"WALCOMIC,WALCOMIC",수,로맨스,"멋진 연애를 꿈꾸지만
생각대로 풀리지 않는
세 사람의 로맨스시트콤",카카오,https://webtoon.kakao.com/content/버니-로즈/2842,https://kr-a.kakaopagecdn.com/P/C/2842/c1/2x/5f16918b-50a3-4289-98c9-7b9cf6cac4b1.png
21,구원,"Axis,Axis",수,액션/무협,"사랑에 빠진 킬러,
복제인간 그녀를 위해 
세상에 맞서다!",카카오,https://webtoon.kakao.com/content/구원/2130,https://kr-a.kakaopagecdn.com/P/C/2130/c1/2x/b339ccbd-b2ba-4905-84d8-6c6519eb97b0.png
22,동솔동 아이들,"솔한,솔한",수,판타지 드라마,"특이하고 
매력적인 
동솔동 아이들 일상",카카오,https://webtoon.kakao.com/content/동솔동-아이들/2687,https://kr-a.kakaopagecdn.com/P/C/2687/c1/2x/b090604e-3840-4435-bfc0-127bece0b160.png
23,지금부터 속편이 시작됩니다,"최경민,용성",수,공포/스릴러,"소설가 팬카페에서
일어난 의문의 죽음들
그들의 과거가 밝혀진다",카카오,https://webtoon.kakao.com/content/지금부터-속편이-시작됩니다/2856,https://kr-a.kakaopagecdn.com/P/C/2856/c1/2x/1bd6f6ff-da7d-4880-968c-fa984e2d3d14.png
24,나에게 온 달,"석빈,석빈",수,액션/무협,"바보 온달과 평강공주의
설화를 바탕으로 한
최강의 액션 판타지",카카오,https://webtoon.kakao.com/content/나에게-온-달/2639,https://kr-a.kakaopagecdn.com/P/C/2639/c1/2x/988ff79d-96f0-4227-b1b6-9964009b6b9d.png
25,4명 중 1명은 죽는다,"고민중,고민중",수,공포/스릴러,"발병자 세 사람. 
그리고 그들에게 
감염 당한 한 사람.",카카오,https://webtoon.kakao.com/content/4명-중-1명은-죽는다/2815,https://kr-a.kakaopagecdn.com/P/C/2815/c1/2x/522a5998-c8b2-4d06-940c-0baeca0a2995.png
26,오적도,"조원표,조원표",수,공포/스릴러,"섬마을에 갇힌 학생들.
그리고 그 섬에
존재하는 끔찍한 괴물",카카오,https://webtoon.kakao.com/content/오적도/2733,https://kr-a.kakaopagecdn.com/P/C/2733/c1/2x/c413bcf0-4994-47a0-ac1d-1015e06c84f6.png
27,남주와 그리는 로맨스,"전재훈,전재훈",수,로맨스,"로맨스 웹툰 작가를
꿈꾸는 승아에게
존잘남 세화가 찾아왔다",카카오,https://webtoon.kakao.com/content/남주와-그리는-로맨스/2741,https://kr-a.kakaopagecdn.com/P/C/2741/c1/2x/47e7f689-cb85-45df-97cf-9a4b1ecfe328.png
28,뇌명의 하라,"지애,지애",수,판타지 드라마,"최애와 함께
이세계를 구하면
소원을 이룰 수 있다!",카카오,https://webtoon.kakao.com/content/뇌명의-하라/2836,https://kr-a.kakaopagecdn.com/P/C/2836/c1/2x/6422d72a-daf0-4a31-af21-a87ee5d103a0.png
29,배신 주의 로맨스,"남방과일차,오제이",수,로맨스,"""우리는 사귀면 안돼""
나는 마로를 찼다,
친구들 때문에..",카카오,https://webtoon.kakao.com/content/배신-주의-로맨스/2889,https://kr-a.kakaopagecdn.com/P/C/2889/c1/2x/a1f6c138-8cd2-4d4d-ae5d-8b4111e95c42.png
30,가비왕,"만두,만두",수,판타지 드라마,"흑막을 파헤쳐라!
최종화까지 내달리는
반전 스토리의 향연",카카오,https://webtoon.kakao.com/content/가비왕/2598,https://kr-a.kakaopagecdn.com/P/C/2598/c1/2x/11e1b403-d590-4e77-8190-5656a6135205.png
31,뉴비 매니지먼트,"상민,기현",수,학원/판타지,"이세계에 갇힌 고인물이
집으로 돌아가기 위해
뉴비를 키우는 이야기.",카카오,https://webtoon.kakao.com/content/뉴비-매니지먼트/2869,https://kr-a.kakaopagecdn.com/P/C/2869/c1/2x/a085a28d-1cdb-4b84-8aba-09e0b76ae788.png
32,오 사장님은 상사병!,"톤푸,톤푸",수,로맨스,"철부지 오 사장은
과연 상사병을
고칠 수 있을까?",카카오,https://webtoon.kakao.com/content/오-사장님은-상사병/2979,https://kr-a.kakaopagecdn.com/P/C/2979/c1/2x/9741da3f-aa2a-4095-8009-69a1c1ee621e.png
33,2D 남친과 엔딩을 보는 법,"글무원,군감",수,로맨스,"게임 속에 빙의한
최선과
2D 남자들의 로맨스",카카오,https://webtoon.kakao.com/content/2D-남친과-엔딩을-보는-법/2921,https://kr-a.kakaopagecdn.com/P/C/2921/c1/2x/ffb23326-481f-4840-9245-17fd7d1835bd.png
34,저승사자 온라인,"쑨,쑨",수,학원/판타지,"죽은 소녀의 영혼을 
인도하러 온 저승사자
게임 속에 갇히다?!",카카오,https://webtoon.kakao.com/content/저승사자-온라인/2022,https://kr-a.kakaopagecdn.com/P/C/2022/c1/2x/c76fd970-ba04-4988-8537-0e37110e2c26.png
35,"보지 마, 안 괜찮아, 불법이야!","한국만화가협회,한국웹툰작가협회",수,코믹/일상,"""보지 마,
안 괜찮아,
불법이야!""",카카오,https://webtoon.kakao.com/content/보지-마-안-괜찮아-불법이야/2820,https://kr-a.kakaopagecdn.com/P/C/2820/c1/2x/b10584d7-c8ea-406f-a48f-5ee7de33e2e4.png
36,아씨의 법정,"이오삼,반숙",수,로맨스,"궁에서 도망친 
세자빈이 남장여자 
변호사가 되었다?!",카카오,https://webtoon.kakao.com/content/아씨의-법정/2897,https://kr-a.kakaopagecdn.com/P/C/2897/c1/2x/7657218d-2ab7-4f8c-abc7-eea5191abbeb.png
37,칼집의 아이,"김형민,양경일",수,학원/판타지,"죽음에서 돌아온 소년,
칼날같은 무림을 
감싸안는 칼집이 되다",카카오,https://webtoon.kakao.com/content/칼집의-아이/2368,https://kr-a.kakaopagecdn.com/P/C/2368/c1/2x/fb4892f4-0edf-44bc-a1d2-fa30e4e1e955.png
38,우리가 사랑하는 방법,"기비,기비",수,로맨스,"그녀를 위해서라면
뭐든지 할 수 있어!
덕질에 뛰어든 남자",카카오,https://webtoon.kakao.com/content/우리가-사랑하는-방법/1468,https://kr-a.kakaopagecdn.com/P/C/1468/c1/2x/67eb1e83-bfa8-4426-83fc-195e9404b39b.png
39,방구석 여포,"키미하이,키미하이",수,학원/판타지,"방구석에서만큼은
천하무쌍 여포의
숨겨진 능력이 깨어난다",카카오,https://webtoon.kakao.com/content/방구석-여포/2118,https://kr-a.kakaopagecdn.com/P/C/2118/c1/2x/ef70863f-a692-471e-9292-57e0c9d2aab8.png
40,러브샷,"무짜,무짜",수,로맨스,"큐피드가 내 연애에
트롤짓을 저질렀다.
이건 사랑이 아니야!",카카오,https://webtoon.kakao.com/content/러브샷/2759,https://kr-a.kakaopagecdn.com/P/C/2759/c1/2x/feef9afc-77ef-4071-bb4b-997bd1a99c98.png
0,내일도 출근!,"맥퀸스튜디오,맥퀸스튜디오",일,로맨스,"회사 최악의 까칠남
결혼은 싫다는 전남친
누구를 선택해야 하지?",카카오,https://webtoon.kakao.com/content/내일도-출근/1873,https://kr-a.kakaopagecdn.com/P/C/1873/c1/2x/d03fa497-de86-4675-90a0-bc528accd12f.png
1,각색남주,"시라빈,시라빈",일,로맨스,"저기요! 
제 남주 모델이
되어주실래요?!",카카오,https://webtoon.kakao.com/content/각색남주/3082,https://kr-a.kakaopagecdn.com/P/C/3082/c1/2x/57875f09-0971-41df-9e78-5f20ab359a47.png
2,가드패스,"오손도손,오손도손",일,학원/판타지,"친구를 위한 격투극
적의 가드를 패스하고
내게 유리한 포지션으로",카카오,https://webtoon.kakao.com/content/가드패스/2511,https://kr-a.kakaopagecdn.com/P/C/2511/c1/2x/865d0bec-8d72-458c-9ac0-6387ca21d344.png
3,퀴퀴한 일기,"2B,2B",일,코믹/일상,"즈질스럽고 
퀴퀴한 언니의 
쿰쿰한 일상다반사",카카오,https://webtoon.kakao.com/content/퀴퀴한-일기/1295,https://kr-a.kakaopagecdn.com/P/C/1295/c1/2x/4f7e543a-0941-4928-852e-3c38ca55b39c.png
4,슬프게도 이게 내 인생,"슬,슬",일,코믹/일상,"사회생활 원래 이래?
천방지축 사회초년생
슬이의 다이나믹 인생!",카카오,https://webtoon.kakao.com/content/슬프게도-이게-내-인생/1575,https://kr-a.kakaopagecdn.com/P/C/1575/c1/2x/aab8b6ac-e500-4323-9b16-4015ddd6edf9.png
5,존재,"광진,김경준",일,판타지 드라마,"수많은 윤회 끝에
인간으로 태어났다.
인간의 멸종을 위해.",카카오,https://webtoon.kakao.com/content/존재/2957,https://kr-a.kakaopagecdn.com/P/C/2957/c1/2x/a63bf7e9-b40a-46d9-ae9e-466973a7aec4.png
6,우리 청춘의 사랑은,"손달섭,손달섭",일,코믹/일상,"사탕보다 더 달콤했던
찬란한 청춘의 사랑
다시 한번 느껴보실?",카카오,https://webtoon.kakao.com/content/우리-청춘의-사랑은/2600,https://kr-a.kakaopagecdn.com/P/C/2600/c1/2x/0e5e63d4-7a9c-4696-8b5b-83f3babdda7e.png
7,안녕은하세요,"검둥,검둥",일,로맨스,"장르 사기 아닙니다.
강한 독자님만 견디는
하이퍼리즘 GL 로맨스",카카오,https://webtoon.kakao.com/content/안녕은하세요/2819,https://kr-a.kakaopagecdn.com/P/C/2819/c1/2x/1dd30b81-a216-4159-952d-0e346f14aa0c.png
8,이토록 보통의,"캐롯,캐롯",일,판타지 드라마,"우리 모두의 삶
특별하지만,
보통 우리의 연애",카카오,https://webtoon.kakao.com/content/이토록-보통의/1351,https://kr-a.kakaopagecdn.com/P/C/1351/c1/2x/6e52bf38-c253-4021-9a9e-183a32739471.png
9,무법대학,"기령,조민호",일,액션/무협,"폭력과 비밀이 가득한
가온대학에 입학한
오정서의 끝없는 싸움",카카오,https://webtoon.kakao.com/content/무법대학/2517,https://kr-a.kakaopagecdn.com/P/C/2517/c1/2x/88ad795e-26fe-4e7e-97c2-200c4f91f710.png
10,사랑의 순간,"한유랑,한유랑",일,로맨스,"
그 날, 
당신이 본 건 나야.",카카오,https://webtoon.kakao.com/content/사랑의-순간/2744,https://kr-a.kakaopagecdn.com/P/C/2744/c1/2x/9ef37d03-3d23-4db7-897e-ae6c855c0e6b.png
11,이상징후,"잇선,잇선",일,판타지 드라마,"인생이 지옥처럼
느껴지면 이상 현상이
벌어집니다.",카카오,https://webtoon.kakao.com/content/이상징후/2154,https://kr-a.kakaopagecdn.com/P/C/2154/c1/2x/77ec4dc6-2584-4484-88ee-21e1911174e9.png
12,나에게 온 달,"석빈,석빈",일,액션/무협,"바보 온달과 평강공주의
설화를 바탕으로 한
최강의 액션 판타지",카카오,https://webtoon.kakao.com/content/나에게-온-달/2639,https://kr-a.kakaopagecdn.com/P/C/2639/c1/2x/988ff79d-96f0-4227-b1b6-9964009b6b9d.png
13,해늘골,"기행,기행",일,공포/스릴러,"민우의 고향 '해늘골'
그곳에서 벌어지는
기괴하고 무서운 일들.",카카오,https://webtoon.kakao.com/content/해늘골/2951,https://kr-a.kakaopagecdn.com/P/C/2951/c1/2x/8d3341ec-5b9b-4162-a803-e8a6bab301d6.png
14,남산도서관 환생 북클럽,"송송이,송송이",일,판타지 드라마,"남산도서관의 유령,
환생하고 싶으면
사서와 책을 읽어라!",카카오,https://webtoon.kakao.com/content/남산도서관-환생-북클럽/2835,https://kr-a.kakaopagecdn.com/P/C/2835/c1/2x/cdc40b96-3efd-4a47-b447-84c1930dfc86.png
15,"주문을 말해, 로즈!","해랑,해랑",일,로맨스 판타지,"호환(虎患)으로
죽은 노비 '꽃분'.
이번 생은 살아남으리라",카카오,https://webtoon.kakao.com/content/주문을-말해-로즈/2749,https://kr-a.kakaopagecdn.com/P/C/2749/c1/2x/65cd36b9-d1a2-4ac6-a9bb-2889b60324c1.png
16,퇴마전문학교 사월,"배걱,배걱",일,학원/판타지,"검은 연기 사건 이후,
인생을 빼앗긴 자들이
과거를 되찾으려 한다.",카카오,https://webtoon.kakao.com/content/퇴마전문학교-사월/2980,https://kr-a.kakaopagecdn.com/P/C/2980/c1/2x/afa33af4-3d85-4775-9e81-77bb4c2e02ee.png
17,복원가의 집,"김상엽,김상엽",일,드라마,"어느 날 찾아든 
불청객들과 시작되는
복원에 대한 생활기담!",카카오,https://webtoon.kakao.com/content/복원가의-집/2611,https://kr-a.kakaopagecdn.com/P/C/2611/c1/2x/13ef8452-d003-4079-bbc6-82e6957bf756.png
18,효정의 발화점,"박선우,박선우",일,드라마,"온몸이 불길에 휩싸일
정도로 누군가를 뜨겁게
사랑할 수 있을까?",카카오,https://webtoon.kakao.com/content/효정의-발화점/2793,https://kr-a.kakaopagecdn.com/P/C/2793/c1/2x/36aa547c-12ac-4183-be9f-83867dae92f1.png
19,계단,"낭토,낭토",일,드라마,"계단을 올라간 사람이
죽었다.
이 계단의 정체는?",카카오,https://webtoon.kakao.com/content/계단/2713,https://kr-a.kakaopagecdn.com/P/C/2713/c1/2x/e3de5ebd-ac4f-4f89-96d8-d5ef8db13413.png
20,D-30,"우행우행,연급사",일,학원/판타지,"기한은 단 30일!
일진을 사냥하고
그녀를 구해라",카카오,https://webtoon.kakao.com/content/D-30/2722,https://kr-a.kakaopagecdn.com/P/C/2722/c1/2x/425391c9-57e0-4595-be0c-a1c8e95cfb5f.png
21,짝과 적,"권라드,권라드",일,판타지 드라마,"속물 기자 '구희인'과
영혼 '짛'이 겪는 
판타지 로맨스 드라마",카카오,https://webtoon.kakao.com/content/짝과-적/2756,https://kr-a.kakaopagecdn.com/P/C/2756/c1/2x/df1c122f-b73e-492a-8ee0-9717ac840011.png
22,뒤끝작렬,"조석호,그린스튜디오",일,판타지 드라마,"세상은 이제 
김철민이라는 이름을 
기억하게 될 것이다",카카오,https://webtoon.kakao.com/content/뒤끝작렬/2666,https://kr-a.kakaopagecdn.com/P/C/2666/c1/2x/5e20a2da-9032-4bc8-8ad4-8e217c210c2c.png
23,질투유발자들,"김꽁,김꽁",일,로맨스,"썸만 타는 자들을
위해 그들이 왔다, 
질투유발자들!",카카오,https://webtoon.kakao.com/content/질투유발자들/2024,https://kr-a.kakaopagecdn.com/P/C/2024/c1/2x/d3ceb95a-e5e8-4952-a94b-fe92dcc62882.png
24,언데드킹,"윤준식,백지운",일,학원/판타지,"좀비 VS 강시
살벌한 전쟁이 
시작된다!",카카오,https://webtoon.kakao.com/content/언데드킹/2300,https://kr-a.kakaopagecdn.com/P/C/2300/c1/2x/a6bc7489-d06b-412a-b5e3-755b218b63ab.png
25,백의조각,"홍일,홍일",일,공포/스릴러,"반복되는 저주,
받아들일 것인가
끊어낼 것인가",카카오,https://webtoon.kakao.com/content/백의조각/2150,https://kr-a.kakaopagecdn.com/P/C/2150/c1/2x/e5e25bff-27c5-4315-92f3-f65aa947b08a.png
26,크라우드,"만두비,파크",일,학원/판타지,"왕따의 마지막 희망
크라우드 펀딩 앱으로
일진을 사냥하라!",카카오,https://webtoon.kakao.com/content/크라우드/2029,https://kr-a.kakaopagecdn.com/P/C/2029/c1/2x/6981404c-e077-492a-825b-a411249c4915.png
